"T","arc_length","Points:0","Points:1","Points:2"
426.8,0,0.01,0,0
475.41,0.000182,0.010182,0,0
515.88,0.000364,0.010364,0,0
551.31,0.000546,0.010546,0,0
583.27,0.000728,0.010728,0,0
612.7,0.00091,0.01091,0,0
640.18,0.001092,0.011092,0,0
666.13,0.001274,0.011274,0,0
690.83,0.001456,0.011456,0,0
714.5,0.001638,0.011638,0,0
737.29,0.00182,0.01182,0,0
759.33,0.002002,0.012002,0,0
780.7,0.002184,0.012184,0,0
801.47,0.002366,0.012366,0,0
821.69,0.002548,0.012548,0,0
841.4,0.00273,0.01273,0,0
860.62,0.002912,0.012912,0,0
879.4,0.003094,0.013094,0,0
897.74,0.003276,0.013276,0,0
915.69,0.003458,0.013458,0,0
933.25,0.00364,0.01364,0,0
950.44,0.003822,0.013822,0,0
967.28,0.004004,0.014004,0,0
983.79,0.004186,0.014186,0,0
999.97,0.004368,0.014368,0,0
1015.8,0.00455,0.01455,0,0
1031.4,0.004732,0.014732,0,0
1046.7,0.004914,0.014914,0,0
1061.7,0.005096,0.015096,0,0
1076.4,0.005278,0.015278,0,0
1090.8,0.00546,0.01546,0,0
1105,0.005642,0.015642,0,0
1119,0.005824,0.015824,0,0
1132.7,0.006006,0.016006,0,0
1146.3,0.006188,0.016188,0,0
1159.6,0.00637,0.01637,0,0
1172.7,0.006552,0.016552,0,0
1185.7,0.006734,0.016734,0,0
1198.5,0.006916,0.016916,0,0
1211.1,0.007098,0.017098,0,0
1223.6,0.00728,0.01728,0,0
1236,0.007462,0.017462,0,0
1248.2,0.007644,0.017644,0,0
1260.3,0.007826,0.017826,0,0
1272.3,0.008008,0.018008,0,0
1284.2,0.00819,0.01819,0,0
1295.9,0.008372,0.018372,0,0
1307.6,0.008554,0.018554,0,0
1319.1,0.008736,0.018736,0,0
1330.5,0.008918,0.018918,0,0
1341.8,0.0091,0.0191,0,0
1353,0.009282,0.019282,0,0
1364,0.009464,0.019464,0,0
1374.9,0.009646,0.019646,0,0
1385.7,0.009828,0.019828,0,0
1396.3,0.01001,0.02001,0,0
1406.8,0.010192,0.020192,0,0
1417.2,0.010374,0.020374,0,0
1427.4,0.010556,0.020556,0,0
1437.4,0.010738,0.020738,0,0
1447.3,0.01092,0.02092,0,0
1457,0.011102,0.021102,0,0
1466.6,0.011284,0.021284,0,0
1476,0.011466,0.021466,0,0
1485.2,0.011648,0.021648,0,0
1494.2,0.01183,0.02183,0,0
1503,0.012012,0.022012,0,0
1511.7,0.012194,0.022194,0,0
1520.2,0.012376,0.022376,0,0
1528.4,0.012558,0.022558,0,0
1536.5,0.01274,0.02274,0,0
1544.4,0.012922,0.022922,0,0
1552,0.013104,0.023104,0,0
1559.5,0.013286,0.023286,0,0
1566.7,0.013468,0.023468,0,0
1573.8,0.01365,0.02365,0,0
1580.6,0.013832,0.023832,0,0
1587.2,0.014014,0.024014,0,0
1593.7,0.014196,0.024196,0,0
1599.9,0.014378,0.024378,0,0
1605.9,0.01456,0.02456,0,0
1611.7,0.014742,0.024742,0,0
1617.2,0.014924,0.024924,0,0
1622.6,0.015106,0.025106,0,0
1627.8,0.015288,0.025288,0,0
1632.7,0.01547,0.02547,0,0
1637.5,0.015652,0.025652,0,0
1642.1,0.015834,0.025834,0,0
1646.4,0.016016,0.026016,0,0
1650.6,0.016198,0.026198,0,0
1654.6,0.01638,0.02638,0,0
1658.4,0.016562,0.026562,0,0
1662,0.016744,0.026744,0,0
1665.4,0.016926,0.026926,0,0
1668.6,0.017108,0.027108,0,0
1671.7,0.01729,0.02729,0,0
1674.6,0.017472,0.027472,0,0
1677.3,0.017654,0.027654,0,0
1679.9,0.017836,0.027836,0,0
1682.3,0.018018,0.028018,0,0
1684.5,0.0182,0.0282,0,0
1686.6,0.018382,0.028382,0,0
1688.5,0.018564,0.028564,0,0
1690.3,0.018746,0.028746,0,0
1691.9,0.018928,0.028928,0,0
1693.4,0.01911,0.02911,0,0
1694.8,0.019292,0.029292,0,0
1696,0.019474,0.029474,0,0
1697,0.019656,0.029656,0,0
1698,0.019838,0.029838,0,0
1698.8,0.02002,0.03002,0,0
1699.5,0.020202,0.030202,0,0
1700,0.020384,0.030384,0,0
1700.5,0.020566,0.030566,0,0
1700.8,0.020748,0.030748,0,0
1701,0.02093,0.03093,0,0
1701.1,0.021112,0.031112,0,0
1701.1,0.021294,0.031294,0,0
1700.9,0.021476,0.031476,0,0
1700.7,0.021658,0.031658,0,0
1700.4,0.02184,0.03184,0,0
1699.9,0.022022,0.032022,0,0
1699.4,0.022204,0.032204,0,0
1698.7,0.022386,0.032386,0,0
1698,0.022568,0.032568,0,0
1697.1,0.02275,0.03275,0,0
1696.2,0.022932,0.032932,0,0
1695.2,0.023114,0.033114,0,0
1694.1,0.023296,0.033296,0,0
1692.9,0.023478,0.033478,0,0
1691.6,0.02366,0.03366,0,0
1690.2,0.023842,0.033842,0,0
1688.7,0.024024,0.034024,0,0
1687.2,0.024206,0.034206,0,0
1685.6,0.024388,0.034388,0,0
1683.8,0.02457,0.03457,0,0
1682.1,0.024752,0.034752,0,0
1680.2,0.024934,0.034934,0,0
1678.2,0.025116,0.035116,0,0
1676.2,0.025298,0.035298,0,0
1674.1,0.02548,0.03548,0,0
1672,0.025662,0.035662,0,0
1669.7,0.025844,0.035844,0,0
1667.4,0.026026,0.036026,0,0
1665,0.026208,0.036208,0,0
1662.5,0.02639,0.03639,0,0
1660,0.026572,0.036572,0,0
1657.4,0.026754,0.036754,0,0
1654.7,0.026936,0.036936,0,0
1652,0.027118,0.037118,0,0
1649.2,0.0273,0.0373,0,0
1646.3,0.027482,0.037482,0,0
1643.4,0.027664,0.037664,0,0
1640.4,0.027846,0.037846,0,0
1637.3,0.028028,0.038028,0,0
1634.2,0.02821,0.03821,0,0
1631,0.028392,0.038392,0,0
1627.8,0.028574,0.038574,0,0
1624.4,0.028756,0.038756,0,0
1621.1,0.028938,0.038938,0,0
1617.6,0.02912,0.03912,0,0
1614.1,0.029302,0.039302,0,0
1610.6,0.029484,0.039484,0,0
1607,0.029666,0.039666,0,0
1603.3,0.029848,0.039848,0,0
1599.6,0.03003,0.04003,0,0
1595.8,0.030212,0.040212,0,0
1591.9,0.030394,0.040394,0,0
1588,0.030576,0.040576,0,0
1584,0.030758,0.040758,0,0
1580,0.03094,0.04094,0,0
1575.9,0.031122,0.041122,0,0
1571.8,0.031304,0.041304,0,0
1567.6,0.031486,0.041486,0,0
1563.4,0.031668,0.041668,0,0
1559,0.03185,0.04185,0,0
1554.7,0.032032,0.042032,0,0
1550.3,0.032214,0.042214,0,0
1545.8,0.032396,0.042396,0,0
1541.3,0.032578,0.042578,0,0
1536.7,0.03276,0.04276,0,0
1532.1,0.032942,0.042942,0,0
1527.4,0.033124,0.043124,0,0
1522.7,0.033306,0.043306,0,0
1517.9,0.033488,0.043488,0,0
1513.1,0.03367,0.04367,0,0
1508.2,0.033852,0.043852,0,0
1503.3,0.034034,0.044034,0,0
1498.3,0.034216,0.044216,0,0
1493.2,0.034398,0.044398,0,0
1488.1,0.03458,0.04458,0,0
1483,0.034762,0.044762,0,0
1477.8,0.034944,0.044944,0,0
1472.6,0.035126,0.045126,0,0
1467.3,0.035308,0.045308,0,0
1461.9,0.03549,0.04549,0,0
1456.5,0.035672,0.045672,0,0
1451.1,0.035854,0.045854,0,0
1445.6,0.036036,0.046036,0,0
1440.1,0.036218,0.046218,0,0
1434.5,0.0364,0.0464,0,0
1428.9,0.036582,0.046582,0,0
1423.2,0.036764,0.046764,0,0
1417.5,0.036946,0.046946,0,0
1411.7,0.037128,0.047128,0,0
1405.9,0.03731,0.04731,0,0
1400,0.037492,0.047492,0,0
1394.1,0.037674,0.047674,0,0
1388.2,0.037856,0.047856,0,0
1382.2,0.038038,0.048038,0,0
1376.2,0.03822,0.04822,0,0
1370.1,0.038402,0.048402,0,0
1363.9,0.038584,0.048584,0,0
1357.8,0.038766,0.048766,0,0
1351.5,0.038948,0.048948,0,0
1345.3,0.03913,0.04913,0,0
1339,0.039312,0.049312,0,0
1332.7,0.039494,0.049494,0,0
1326.3,0.039676,0.049676,0,0
1319.8,0.039858,0.049858,0,0
1313.4,0.04004,0.05004,0,0
1306.9,0.040222,0.050222,0,0
1300.3,0.040404,0.050404,0,0
1293.7,0.040586,0.050586,0,0
1287.1,0.040768,0.050768,0,0
1280.4,0.04095,0.05095,0,0
1273.7,0.041132,0.051132,0,0
1267,0.041314,0.051314,0,0
1260.2,0.041496,0.051496,0,0
1253.4,0.041678,0.051678,0,0
1246.6,0.04186,0.05186,0,0
1239.7,0.042042,0.052042,0,0
1232.8,0.042224,0.052224,0,0
1225.8,0.042406,0.052406,0,0
1218.9,0.042588,0.052588,0,0
1211.8,0.04277,0.05277,0,0
1204.8,0.042952,0.052952,0,0
1197.7,0.043134,0.053134,0,0
1190.6,0.043316,0.053316,0,0
1183.5,0.043498,0.053498,0,0
1176.3,0.04368,0.05368,0,0
1169.1,0.043862,0.053862,0,0
1161.9,0.044044,0.054044,0,0
1154.6,0.044226,0.054226,0,0
1147.3,0.044408,0.054408,0,0
1140,0.04459,0.05459,0,0
1132.7,0.044772,0.054772,0,0
1125.3,0.044954,0.054954,0,0
1118,0.045136,0.055136,0,0
1110.6,0.045318,0.055318,0,0
1103.1,0.0455,0.0555,0,0
1095.7,0.045682,0.055682,0,0
1088.3,0.045864,0.055864,0,0
1080.8,0.046046,0.056046,0,0
1073.3,0.046228,0.056228,0,0
1065.8,0.04641,0.05641,0,0
1058.3,0.046592,0.056592,0,0
1050.8,0.046774,0.056774,0,0
1043.2,0.046956,0.056956,0,0
1035.7,0.047138,0.057138,0,0
1028.1,0.04732,0.05732,0,0
1020.5,0.047502,0.057502,0,0
1012.9,0.047684,0.057684,0,0
1005.3,0.047866,0.057866,0,0
997.76,0.048048,0.058048,0,0
990.15,0.04823,0.05823,0,0
982.55,0.048412,0.058412,0,0
974.94,0.048594,0.058594,0,0
967.33,0.048776,0.058776,0,0
959.72,0.048958,0.058958,0,0
952.12,0.04914,0.05914,0,0
944.51,0.049322,0.059322,0,0
936.9,0.049504,0.059504,0,0
929.3,0.049686,0.059686,0,0
921.7,0.049868,0.059868,0,0
914.11,0.05005,0.06005,0,0
906.53,0.050232,0.060232,0,0
898.95,0.050414,0.060414,0,0
891.39,0.050596,0.060596,0,0
883.84,0.050778,0.060778,0,0
876.29,0.05096,0.06096,0,0
868.76,0.051142,0.061142,0,0
861.25,0.051324,0.061324,0,0
853.75,0.051506,0.061506,0,0
846.27,0.051688,0.061688,0,0
838.81,0.05187,0.06187,0,0
831.37,0.052052,0.062052,0,0
823.94,0.052234,0.062234,0,0
816.55,0.052416,0.062416,0,0
809.17,0.052598,0.062598,0,0
801.82,0.05278,0.06278,0,0
794.5,0.052962,0.062962,0,0
787.19,0.053144,0.063144,0,0
779.93,0.053326,0.063326,0,0
772.69,0.053508,0.063508,0,0
765.48,0.05369,0.06369,0,0
758.31,0.053872,0.063872,0,0
751.17,0.054054,0.064054,0,0
744.06,0.054236,0.064236,0,0
737,0.054418,0.064418,0,0
729.97,0.0546,0.0646,0,0
722.97,0.054782,0.064782,0,0
716.03,0.054964,0.064964,0,0
709.11,0.055146,0.065146,0,0
702.25,0.055328,0.065328,0,0
695.43,0.05551,0.06551,0,0
688.64,0.055692,0.065692,0,0
681.93,0.055874,0.065874,0,0
675.24,0.056056,0.066056,0,0
668.61,0.056238,0.066238,0,0
662.04,0.05642,0.06642,0,0
655.5,0.056602,0.066602,0,0
649.03,0.056784,0.066784,0,0
642.61,0.056966,0.066966,0,0
636.23,0.057148,0.067148,0,0
629.94,0.05733,0.06733,0,0
623.67,0.057512,0.067512,0,0
617.49,0.057694,0.067694,0,0
611.36,0.057876,0.067876,0,0
605.27,0.058058,0.068058,0,0
599.28,0.05824,0.06824,0,0
593.32,0.058422,0.068422,0,0
587.44,0.058604,0.068604,0,0
581.62,0.058786,0.068786,0,0
575.86,0.058968,0.068968,0,0
570.19,0.05915,0.06915,0,0
564.55,0.059332,0.069332,0,0
559.02,0.059514,0.069514,0,0
553.54,0.059696,0.069696,0,0
548.12,0.059878,0.069878,0,0
542.79,0.06006,0.07006,0,0
537.5,0.060242,0.070242,0,0
532.33,0.060424,0.070424,0,0
527.19,0.060606,0.070606,0,0
522.15,0.060788,0.070788,0,0
517.18,0.06097,0.07097,0,0
512.27,0.061152,0.071152,0,0
507.45,0.061334,0.071334,0,0
502.68,0.061516,0.071516,0,0
498.03,0.061698,0.071698,0,0
493.41,0.06188,0.07188,0,0
488.9,0.062062,0.072062,0,0
484.45,0.062244,0.072244,0,0
480.08,0.062426,0.072426,0,0
475.8,0.062608,0.072608,0,0
471.56,0.06279,0.07279,0,0
467.44,0.062972,0.072972,0,0
463.35,0.063154,0.073154,0,0
459.39,0.063336,0.073336,0,0
455.47,0.063518,0.073518,0,0
451.64,0.0637,0.0737,0,0
447.89,0.063882,0.073882,0,0
444.2,0.064064,0.074064,0,0
440.61,0.064246,0.074246,0,0
437.06,0.064428,0.074428,0,0
433.62,0.06461,0.07461,0,0
430.21,0.064792,0.074792,0,0
426.94,0.064974,0.074974,0,0
423.68,0.065156,0.075156,0,0
420.54,0.065338,0.075338,0,0
417.44,0.06552,0.07552,0,0
414.43,0.065702,0.075702,0,0
411.48,0.065884,0.075884,0,0
408.61,0.066066,0.076066,0,0
405.8,0.066248,0.076248,0,0
403.06,0.06643,0.07643,0,0
400.4,0.066612,0.076612,0,0
397.78,0.066794,0.076794,0,0
395.25,0.066976,0.076976,0,0
392.76,0.067158,0.077158,0,0
390.37,0.06734,0.07734,0,0
388,0.067522,0.077522,0,0
385.74,0.067704,0.077704,0,0
383.49,0.067886,0.077886,0,0
381.35,0.068068,0.078068,0,0
379.22,0.06825,0.07825,0,0
377.2,0.068432,0.078432,0,0
375.19,0.068614,0.078614,0,0
373.27,0.068796,0.078796,0,0
371.37,0.068978,0.078978,0,0
369.56,0.06916,0.07916,0,0
367.77,0.069342,0.079342,0,0
366.06,0.069524,0.079524,0,0
364.37,0.069706,0.079706,0,0
362.75,0.069888,0.079888,0,0
361.16,0.07007,0.08007,0,0
359.64,0.070252,0.080252,0,0
358.14,0.070434,0.080434,0,0
356.71,0.070616,0.080616,0,0
355.3,0.070798,0.080798,0,0
353.96,0.07098,0.08098,0,0
352.63,0.071162,0.081162,0,0
351.36,0.071344,0.081344,0,0
350.12,0.071526,0.081526,0,0
348.93,0.071708,0.081708,0,0
347.76,0.07189,0.08189,0,0
346.64,0.072072,0.082072,0,0
345.54,0.072254,0.082254,0,0
344.49,0.072436,0.082436,0,0
343.46,0.072618,0.082618,0,0
342.48,0.0728,0.0828,0,0
341.5,0.072982,0.082982,0,0
340.58,0.073164,0.083164,0,0
339.67,0.073346,0.083346,0,0
338.81,0.073528,0.083528,0,0
337.95,0.07371,0.08371,0,0
337.15,0.073892,0.083892,0,0
336.34,0.074074,0.084074,0,0
335.59,0.074256,0.084256,0,0
334.84,0.074438,0.084438,0,0
334.13,0.07462,0.08462,0,0
333.42,0.074802,0.084802,0,0
332.75,0.074984,0.084984,0,0
332.1,0.075166,0.085166,0,0
331.47,0.075348,0.085348,0,0
330.86,0.07553,0.08553,0,0
330.27,0.075712,0.085712,0,0
329.69,0.075894,0.085894,0,0
329.14,0.076076,0.086076,0,0
328.6,0.076258,0.086258,0,0
328.08,0.07644,0.08644,0,0
327.58,0.076622,0.086622,0,0
327.09,0.076804,0.086804,0,0
326.62,0.076986,0.086986,0,0
326.16,0.077168,0.087168,0,0
325.72,0.07735,0.08735,0,0
325.29,0.077532,0.087532,0,0
324.88,0.077714,0.087714,0,0
324.48,0.077896,0.087896,0,0
324.09,0.078078,0.088078,0,0
323.72,0.07826,0.08826,0,0
323.35,0.078442,0.088442,0,0
323,0.078624,0.088624,0,0
322.65,0.078806,0.088806,0,0
322.33,0.078988,0.088988,0,0
322,0.07917,0.08917,0,0
321.69,0.079352,0.089352,0,0
321.39,0.079534,0.089534,0,0
321.1,0.079716,0.089716,0,0
320.82,0.079898,0.089898,0,0
320.54,0.08008,0.09008,0,0
320.28,0.080262,0.090262,0,0
320.02,0.080444,0.090444,0,0
319.77,0.080626,0.090626,0,0
319.52,0.080808,0.090808,0,0
319.29,0.08099,0.09099,0,0
319.06,0.081172,0.091172,0,0
318.85,0.081354,0.091354,0,0
318.63,0.081536,0.091536,0,0
318.42,0.081718,0.091718,0,0
318.22,0.0819,0.0919,0,0
318.02,0.082082,0.092082,0,0
317.84,0.082264,0.092264,0,0
317.65,0.082446,0.092446,0,0
317.48,0.082628,0.092628,0,0
317.3,0.08281,0.09281,0,0
317.13,0.082992,0.092992,0,0
316.97,0.083174,0.093174,0,0
316.81,0.083356,0.093356,0,0
316.66,0.083538,0.093538,0,0
316.51,0.08372,0.09372,0,0
316.37,0.083902,0.093902,0,0
316.23,0.084084,0.094084,0,0
316.09,0.084266,0.094266,0,0
315.96,0.084448,0.094448,0,0
315.83,0.08463,0.09463,0,0
315.7,0.084812,0.094812,0,0
315.58,0.084994,0.094994,0,0
315.46,0.085176,0.095176,0,0
315.35,0.085358,0.095358,0,0
315.23,0.08554,0.09554,0,0
315.13,0.085722,0.095722,0,0
315.02,0.085904,0.095904,0,0
314.92,0.086086,0.096086,0,0
314.82,0.086268,0.096268,0,0
314.72,0.08645,0.09645,0,0
314.63,0.086632,0.096632,0,0
314.53,0.086814,0.096814,0,0
314.45,0.086996,0.096996,0,0
314.36,0.087178,0.097178,0,0
314.27,0.08736,0.09736,0,0
314.19,0.087542,0.097542,0,0
314.11,0.087724,0.097724,0,0
314.03,0.087906,0.097906,0,0
313.96,0.088088,0.098088,0,0
313.88,0.08827,0.09827,0,0
313.81,0.088452,0.098452,0,0
313.74,0.088634,0.098634,0,0
313.67,0.088816,0.098816,0,0
313.61,0.088998,0.098998,0,0
313.54,0.08918,0.09918,0,0
313.48,0.089362,0.099362,0,0
313.42,0.089544,0.099544,0,0
313.36,0.089726,0.099726,0,0
313.3,0.089908,0.099908,0,0
313.24,0.09009,0.10009,0,0
313.19,0.090272,0.10027,0,0
313.13,0.090454,0.10045,0,0
313.08,0.090636,0.10064,0,0
313.03,0.090818,0.10082,0,0
312.98,0.091,0.101,0,0
312.93,0.091182,0.10118,0,0
312.88,0.091364,0.10136,0,0
312.83,0.091546,0.10155,0,0
312.79,0.091728,0.10173,0,0
312.74,0.09191,0.10191,0,0
312.7,0.092092,0.10209,0,0
312.66,0.092274,0.10227,0,0
312.62,0.092456,0.10246,0,0
312.58,0.092638,0.10264,0,0
312.54,0.09282,0.10282,0,0
312.5,0.093002,0.103,0,0
312.46,0.093184,0.10318,0,0
312.42,0.093366,0.10337,0,0
312.39,0.093548,0.10355,0,0
312.35,0.09373,0.10373,0,0
312.32,0.093912,0.10391,0,0
312.29,0.094094,0.10409,0,0
312.25,0.094276,0.10428,0,0
312.22,0.094458,0.10446,0,0
312.19,0.09464,0.10464,0,0
312.16,0.094822,0.10482,0,0
312.13,0.095004,0.105,0,0
312.1,0.095186,0.10519,0,0
312.07,0.095368,0.10537,0,0
312.04,0.09555,0.10555,0,0
312.02,0.095732,0.10573,0,0
311.99,0.095914,0.10591,0,0
311.96,0.096096,0.1061,0,0
311.94,0.096278,0.10628,0,0
311.91,0.09646,0.10646,0,0
311.89,0.096642,0.10664,0,0
311.87,0.096824,0.10682,0,0
311.84,0.097006,0.10701,0,0
311.82,0.097188,0.10719,0,0
311.8,0.09737,0.10737,0,0
311.78,0.097552,0.10755,0,0
311.75,0.097734,0.10773,0,0
311.73,0.097916,0.10792,0,0
311.71,0.098098,0.1081,0,0
311.69,0.09828,0.10828,0,0
311.67,0.098462,0.10846,0,0
311.65,0.098644,0.10864,0,0
311.63,0.098826,0.10883,0,0
311.62,0.099008,0.10901,0,0
311.6,0.09919,0.10919,0,0
311.58,0.099372,0.10937,0,0
311.56,0.099554,0.10955,0,0
311.55,0.099736,0.10974,0,0
311.53,0.099918,0.10992,0,0
311.51,0.1001,0.1101,0,0
311.5,0.10028,0.11028,0,0
311.48,0.10046,0.11046,0,0
311.47,0.10065,0.11065,0,0
311.45,0.10083,0.11083,0,0
311.43,0.10101,0.11101,0,0
311.42,0.10119,0.11119,0,0
311.41,0.10137,0.11137,0,0
311.39,0.10156,0.11156,0,0
311.38,0.10174,0.11174,0,0
311.36,0.10192,0.11192,0,0
311.35,0.1021,0.1121,0,0
311.34,0.10228,0.11228,0,0
311.33,0.10247,0.11247,0,0
311.31,0.10265,0.11265,0,0
311.3,0.10283,0.11283,0,0
311.29,0.10301,0.11301,0,0
311.28,0.10319,0.11319,0,0
311.27,0.10338,0.11338,0,0
311.25,0.10356,0.11356,0,0
311.24,0.10374,0.11374,0,0
311.23,0.10392,0.11392,0,0
311.22,0.1041,0.1141,0,0
311.21,0.10429,0.11429,0,0
311.2,0.10447,0.11447,0,0
311.19,0.10465,0.11465,0,0
311.18,0.10483,0.11483,0,0
311.17,0.10501,0.11501,0,0
311.16,0.1052,0.1152,0,0
311.15,0.10538,0.11538,0,0
311.14,0.10556,0.11556,0,0
311.13,0.10574,0.11574,0,0
311.12,0.10592,0.11592,0,0
311.11,0.10611,0.11611,0,0
311.11,0.10629,0.11629,0,0
311.1,0.10647,0.11647,0,0
311.09,0.10665,0.11665,0,0
311.08,0.10683,0.11683,0,0
311.07,0.10702,0.11702,0,0
311.06,0.1072,0.1172,0,0
311.06,0.10738,0.11738,0,0
311.05,0.10756,0.11756,0,0
311.04,0.10774,0.11774,0,0
311.03,0.10793,0.11793,0,0
311.03,0.10811,0.11811,0,0
311.02,0.10829,0.11829,0,0
311.01,0.10847,0.11847,0,0
311,0.10865,0.11865,0,0
311,0.10884,0.11884,0,0
310.99,0.10902,0.11902,0,0
310.98,0.1092,0.1192,0,0
310.98,0.10938,0.11938,0,0
310.97,0.10956,0.11956,0,0
310.96,0.10975,0.11975,0,0
310.96,0.10993,0.11993,0,0
310.95,0.11011,0.12011,0,0
310.94,0.11029,0.12029,0,0
310.94,0.11047,0.12047,0,0
310.93,0.11066,0.12066,0,0
310.93,0.11084,0.12084,0,0
310.92,0.11102,0.12102,0,0
310.92,0.1112,0.1212,0,0
310.91,0.11138,0.12138,0,0
310.9,0.11157,0.12157,0,0
310.9,0.11175,0.12175,0,0
310.89,0.11193,0.12193,0,0
310.89,0.11211,0.12211,0,0
310.88,0.11229,0.12229,0,0
310.88,0.11248,0.12248,0,0
310.87,0.11266,0.12266,0,0
310.87,0.11284,0.12284,0,0
310.86,0.11302,0.12302,0,0
310.86,0.1132,0.1232,0,0
310.85,0.11339,0.12339,0,0
310.85,0.11357,0.12357,0,0
310.84,0.11375,0.12375,0,0
310.84,0.11393,0.12393,0,0
310.83,0.11411,0.12411,0,0
310.83,0.1143,0.1243,0,0
310.83,0.11448,0.12448,0,0
310.82,0.11466,0.12466,0,0
310.82,0.11484,0.12484,0,0
310.81,0.11502,0.12502,0,0
310.81,0.11521,0.12521,0,0
310.8,0.11539,0.12539,0,0
310.8,0.11557,0.12557,0,0
310.8,0.11575,0.12575,0,0
310.79,0.11593,0.12593,0,0
310.79,0.11612,0.12612,0,0
310.79,0.1163,0.1263,0,0
310.78,0.11648,0.12648,0,0
310.78,0.11666,0.12666,0,0
310.77,0.11684,0.12684,0,0
310.77,0.11703,0.12703,0,0
310.77,0.11721,0.12721,0,0
310.76,0.11739,0.12739,0,0
310.76,0.11757,0.12757,0,0
310.76,0.11775,0.12775,0,0
310.75,0.11794,0.12794,0,0
310.75,0.11812,0.12812,0,0
310.75,0.1183,0.1283,0,0
310.74,0.11848,0.12848,0,0
310.74,0.11866,0.12866,0,0
310.74,0.11885,0.12885,0,0
310.73,0.11903,0.12903,0,0
310.73,0.11921,0.12921,0,0
310.73,0.11939,0.12939,0,0
310.72,0.11957,0.12957,0,0
310.72,0.11976,0.12976,0,0
310.72,0.11994,0.12994,0,0
310.71,0.12012,0.13012,0,0
310.71,0.1203,0.1303,0,0
310.71,0.12048,0.13048,0,0
310.71,0.12067,0.13067,0,0
310.7,0.12085,0.13085,0,0
310.7,0.12103,0.13103,0,0
310.7,0.12121,0.13121,0,0
310.69,0.12139,0.13139,0,0
310.69,0.12158,0.13158,0,0
310.69,0.12176,0.13176,0,0
310.69,0.12194,0.13194,0,0
310.68,0.12212,0.13212,0,0
310.68,0.1223,0.1323,0,0
310.68,0.12249,0.13249,0,0
310.68,0.12267,0.13267,0,0
310.67,0.12285,0.13285,0,0
310.67,0.12303,0.13303,0,0
310.67,0.12321,0.13321,0,0
310.67,0.1234,0.1334,0,0
310.66,0.12358,0.13358,0,0
310.66,0.12376,0.13376,0,0
310.66,0.12394,0.13394,0,0
310.66,0.12412,0.13412,0,0
310.65,0.12431,0.13431,0,0
310.65,0.12449,0.13449,0,0
310.65,0.12467,0.13467,0,0
310.65,0.12485,0.13485,0,0
310.64,0.12503,0.13503,0,0
310.64,0.12522,0.13522,0,0
310.64,0.1254,0.1354,0,0
310.64,0.12558,0.13558,0,0
310.64,0.12576,0.13576,0,0
310.63,0.12594,0.13594,0,0
310.63,0.12613,0.13613,0,0
310.63,0.12631,0.13631,0,0
310.63,0.12649,0.13649,0,0
310.63,0.12667,0.13667,0,0
310.62,0.12685,0.13685,0,0
310.62,0.12704,0.13704,0,0
310.62,0.12722,0.13722,0,0
310.62,0.1274,0.1374,0,0
310.62,0.12758,0.13758,0,0
310.61,0.12776,0.13776,0,0
310.61,0.12795,0.13795,0,0
310.61,0.12813,0.13813,0,0
310.61,0.12831,0.13831,0,0
310.61,0.12849,0.13849,0,0
310.6,0.12867,0.13867,0,0
310.6,0.12886,0.13886,0,0
310.6,0.12904,0.13904,0,0
310.6,0.12922,0.13922,0,0
310.6,0.1294,0.1394,0,0
310.59,0.12958,0.13958,0,0
310.59,0.12977,0.13977,0,0
310.59,0.12995,0.13995,0,0
310.59,0.13013,0.14013,0,0
310.59,0.13031,0.14031,0,0
310.59,0.13049,0.14049,0,0
310.58,0.13068,0.14068,0,0
310.58,0.13086,0.14086,0,0
310.58,0.13104,0.14104,0,0
310.58,0.13122,0.14122,0,0
310.58,0.1314,0.1414,0,0
310.58,0.13159,0.14159,0,0
310.57,0.13177,0.14177,0,0
310.57,0.13195,0.14195,0,0
310.57,0.13213,0.14213,0,0
310.57,0.13231,0.14231,0,0
310.57,0.1325,0.1425,0,0
310.57,0.13268,0.14268,0,0
310.56,0.13286,0.14286,0,0
310.56,0.13304,0.14304,0,0
310.56,0.13322,0.14322,0,0
310.56,0.13341,0.14341,0,0
310.56,0.13359,0.14359,0,0
310.56,0.13377,0.14377,0,0
310.55,0.13395,0.14395,0,0
310.55,0.13413,0.14413,0,0
310.55,0.13432,0.14432,0,0
310.55,0.1345,0.1445,0,0
310.55,0.13468,0.14468,0,0
310.55,0.13486,0.14486,0,0
310.55,0.13504,0.14504,0,0
310.54,0.13523,0.14523,0,0
310.54,0.13541,0.14541,0,0
310.54,0.13559,0.14559,0,0
310.54,0.13577,0.14577,0,0
310.54,0.13595,0.14595,0,0
310.54,0.13614,0.14614,0,0
310.54,0.13632,0.14632,0,0
310.53,0.1365,0.1465,0,0
310.53,0.13668,0.14668,0,0
310.53,0.13686,0.14686,0,0
310.53,0.13705,0.14705,0,0
310.53,0.13723,0.14723,0,0
310.53,0.13741,0.14741,0,0
310.53,0.13759,0.14759,0,0
310.52,0.13777,0.14777,0,0
310.52,0.13796,0.14796,0,0
310.52,0.13814,0.14814,0,0
310.52,0.13832,0.14832,0,0
310.52,0.1385,0.1485,0,0
310.52,0.13868,0.14868,0,0
310.52,0.13887,0.14887,0,0
310.51,0.13905,0.14905,0,0
310.51,0.13923,0.14923,0,0
310.51,0.13941,0.14941,0,0
310.51,0.13959,0.14959,0,0
310.51,0.13978,0.14978,0,0
310.51,0.13996,0.14996,0,0
310.51,0.14014,0.15014,0,0
310.51,0.14032,0.15032,0,0
310.5,0.1405,0.1505,0,0
310.5,0.14069,0.15069,0,0
310.5,0.14087,0.15087,0,0
310.5,0.14105,0.15105,0,0
310.5,0.14123,0.15123,0,0
310.5,0.14141,0.15141,0,0
310.5,0.1416,0.1516,0,0
310.5,0.14178,0.15178,0,0
310.49,0.14196,0.15196,0,0
310.49,0.14214,0.15214,0,0
310.49,0.14232,0.15232,0,0
310.49,0.14251,0.15251,0,0
310.49,0.14269,0.15269,0,0
310.49,0.14287,0.15287,0,0
310.49,0.14305,0.15305,0,0
310.49,0.14323,0.15323,0,0
310.49,0.14342,0.15342,0,0
310.48,0.1436,0.1536,0,0
310.48,0.14378,0.15378,0,0
310.48,0.14396,0.15396,0,0
310.48,0.14414,0.15414,0,0
310.48,0.14433,0.15433,0,0
310.48,0.14451,0.15451,0,0
310.48,0.14469,0.15469,0,0
310.48,0.14487,0.15487,0,0
310.47,0.14505,0.15505,0,0
310.47,0.14524,0.15524,0,0
310.47,0.14542,0.15542,0,0
310.47,0.1456,0.1556,0,0
310.47,0.14578,0.15578,0,0
310.47,0.14596,0.15596,0,0
310.47,0.14615,0.15615,0,0
310.47,0.14633,0.15633,0,0
310.47,0.14651,0.15651,0,0
310.46,0.14669,0.15669,0,0
310.46,0.14687,0.15687,0,0
310.46,0.14706,0.15706,0,0
310.46,0.14724,0.15724,0,0
310.46,0.14742,0.15742,0,0
310.46,0.1476,0.1576,0,0
310.46,0.14778,0.15778,0,0
310.46,0.14797,0.15797,0,0
310.46,0.14815,0.15815,0,0
310.46,0.14833,0.15833,0,0
310.45,0.14851,0.15851,0,0
310.45,0.14869,0.15869,0,0
310.45,0.14888,0.15888,0,0
310.45,0.14906,0.15906,0,0
310.45,0.14924,0.15924,0,0
310.45,0.14942,0.15942,0,0
310.45,0.1496,0.1596,0,0
310.45,0.14979,0.15979,0,0
310.45,0.14997,0.15997,0,0
310.44,0.15015,0.16015,0,0
310.44,0.15033,0.16033,0,0
310.44,0.15051,0.16051,0,0
310.44,0.1507,0.1607,0,0
310.44,0.15088,0.16088,0,0
310.44,0.15106,0.16106,0,0
310.44,0.15124,0.16124,0,0
310.44,0.15142,0.16142,0,0
310.44,0.15161,0.16161,0,0
310.44,0.15179,0.16179,0,0
310.43,0.15197,0.16197,0,0
310.43,0.15215,0.16215,0,0
310.43,0.15233,0.16233,0,0
310.43,0.15252,0.16252,0,0
310.43,0.1527,0.1627,0,0
310.43,0.15288,0.16288,0,0
310.43,0.15306,0.16306,0,0
310.43,0.15324,0.16324,0,0
310.43,0.15343,0.16343,0,0
310.43,0.15361,0.16361,0,0
310.43,0.15379,0.16379,0,0
310.42,0.15397,0.16397,0,0
310.42,0.15415,0.16415,0,0
310.42,0.15434,0.16434,0,0
310.42,0.15452,0.16452,0,0
310.42,0.1547,0.1647,0,0
310.42,0.15488,0.16488,0,0
310.42,0.15506,0.16506,0,0
310.42,0.15525,0.16525,0,0
310.42,0.15543,0.16543,0,0
310.42,0.15561,0.16561,0,0
310.42,0.15579,0.16579,0,0
310.41,0.15597,0.16597,0,0
310.41,0.15616,0.16616,0,0
310.41,0.15634,0.16634,0,0
310.41,0.15652,0.16652,0,0
310.41,0.1567,0.1667,0,0
310.41,0.15688,0.16688,0,0
310.41,0.15707,0.16707,0,0
310.41,0.15725,0.16725,0,0
310.41,0.15743,0.16743,0,0
310.41,0.15761,0.16761,0,0
310.41,0.15779,0.16779,0,0
310.4,0.15798,0.16798,0,0
310.4,0.15816,0.16816,0,0
310.4,0.15834,0.16834,0,0
310.4,0.15852,0.16852,0,0
310.4,0.1587,0.1687,0,0
310.4,0.15889,0.16889,0,0
310.4,0.15907,0.16907,0,0
310.4,0.15925,0.16925,0,0
310.4,0.15943,0.16943,0,0
310.4,0.15961,0.16961,0,0
310.4,0.1598,0.1698,0,0
310.4,0.15998,0.16998,0,0
310.4,0.16016,0.17016,0,0
310.39,0.16034,0.17034,0,0
310.39,0.16052,0.17052,0,0
310.39,0.16071,0.17071,0,0
310.39,0.16089,0.17089,0,0
310.39,0.16107,0.17107,0,0
310.39,0.16125,0.17125,0,0
310.39,0.16143,0.17143,0,0
310.39,0.16162,0.17162,0,0
310.39,0.1618,0.1718,0,0
310.39,0.16198,0.17198,0,0
310.39,0.16216,0.17216,0,0
310.39,0.16234,0.17234,0,0
310.39,0.16253,0.17253,0,0
310.38,0.16271,0.17271,0,0
310.38,0.16289,0.17289,0,0
310.38,0.16307,0.17307,0,0
310.38,0.16325,0.17325,0,0
310.38,0.16344,0.17344,0,0
310.38,0.16362,0.17362,0,0
310.38,0.1638,0.1738,0,0
310.38,0.16398,0.17398,0,0
310.38,0.16416,0.17416,0,0
310.38,0.16435,0.17435,0,0
310.38,0.16453,0.17453,0,0
310.38,0.16471,0.17471,0,0
310.38,0.16489,0.17489,0,0
310.38,0.16507,0.17507,0,0
310.38,0.16526,0.17526,0,0
310.37,0.16544,0.17544,0,0
310.37,0.16562,0.17562,0,0
310.37,0.1658,0.1758,0,0
310.37,0.16598,0.17598,0,0
310.37,0.16617,0.17617,0,0
310.37,0.16635,0.17635,0,0
310.37,0.16653,0.17653,0,0
310.37,0.16671,0.17671,0,0
310.37,0.16689,0.17689,0,0
310.37,0.16708,0.17708,0,0
310.37,0.16726,0.17726,0,0
310.37,0.16744,0.17744,0,0
310.37,0.16762,0.17762,0,0
310.37,0.1678,0.1778,0,0
310.37,0.16799,0.17799,0,0
310.37,0.16817,0.17817,0,0
310.36,0.16835,0.17835,0,0
310.36,0.16853,0.17853,0,0
310.36,0.16871,0.17871,0,0
310.36,0.1689,0.1789,0,0
310.36,0.16908,0.17908,0,0
310.36,0.16926,0.17926,0,0
310.36,0.16944,0.17944,0,0
310.36,0.16962,0.17962,0,0
310.36,0.16981,0.17981,0,0
310.36,0.16999,0.17999,0,0
310.36,0.17017,0.18017,0,0
310.36,0.17035,0.18035,0,0
310.36,0.17053,0.18053,0,0
310.36,0.17072,0.18072,0,0
310.36,0.1709,0.1809,0,0
310.36,0.17108,0.18108,0,0
310.36,0.17126,0.18126,0,0
310.36,0.17144,0.18144,0,0
310.36,0.17163,0.18163,0,0
310.35,0.17181,0.18181,0,0
310.35,0.17199,0.18199,0,0
310.35,0.17217,0.18217,0,0
310.35,0.17235,0.18235,0,0
310.35,0.17254,0.18254,0,0
310.35,0.17272,0.18272,0,0
310.35,0.1729,0.1829,0,0
310.35,0.17308,0.18308,0,0
310.35,0.17326,0.18326,0,0
310.35,0.17345,0.18345,0,0
310.35,0.17363,0.18363,0,0
310.35,0.17381,0.18381,0,0
310.35,0.17399,0.18399,0,0
310.35,0.17417,0.18417,0,0
310.35,0.17436,0.18436,0,0
310.35,0.17454,0.18454,0,0
310.35,0.17472,0.18472,0,0
310.35,0.1749,0.1849,0,0
310.35,0.17508,0.18508,0,0
310.35,0.17527,0.18527,0,0
310.35,0.17545,0.18545,0,0
310.35,0.17563,0.18563,0,0
310.35,0.17581,0.18581,0,0
310.35,0.17599,0.18599,0,0
310.35,0.17618,0.18618,0,0
310.35,0.17636,0.18636,0,0
310.35,0.17654,0.18654,0,0
310.34,0.17672,0.18672,0,0
310.34,0.1769,0.1869,0,0
310.34,0.17709,0.18709,0,0
310.34,0.17727,0.18727,0,0
310.34,0.17745,0.18745,0,0
310.34,0.17763,0.18763,0,0
310.34,0.17781,0.18781,0,0
310.34,0.178,0.188,0,0
310.34,0.17818,0.18818,0,0
310.34,0.17836,0.18836,0,0
310.34,0.17854,0.18854,0,0
310.34,0.17872,0.18872,0,0
310.34,0.17891,0.18891,0,0
310.34,0.17909,0.18909,0,0
310.34,0.17927,0.18927,0,0
310.34,0.17945,0.18945,0,0
310.34,0.17963,0.18963,0,0
310.34,0.17982,0.18982,0,0
310.34,0.18,0.19,0,0
310.34,0.18018,0.19018,0,0
310.34,0.18036,0.19036,0,0
310.34,0.18054,0.19054,0,0
310.34,0.18073,0.19073,0,0
310.34,0.18091,0.19091,0,0
310.34,0.18109,0.19109,0,0
310.34,0.18127,0.19127,0,0
310.34,0.18145,0.19145,0,0
310.34,0.18164,0.19164,0,0
310.34,0.18182,0.19182,0,0
310.34,0.182,0.192,0,0
